e,fecha,hr,indicativo,np_001,np_010,np_100,np_300,nt_00,nt_30,nw_55,nw_91,p_max,p_mes,ta_max,ta_min,ti_max,tm_max,tm_mes,tm_min,ts_min,w_med,w_racha,w_rec,anio,n_cub,n_des,n_nub
108,2020-1,81,4589X,12,7,3,0,0,0,0,0,24.4(15),84.0,17.8(17),3.2(21),8.4,14.4,10.9,7.3,11.4,9,06/15.0(20),205,2020,,,
120,2020-2,72,4589X,2,1,0,0,0,0,0,0,1.2(29),2.0,24.0(23),5.4(27),15.7,19.2,14.4,9.5,14.3,9,32/12.2(25),204,2020,,,
114,2020-3,71,4589X,7,3,1,0,0,0,1,0,20.4(30),36.4,28.2(11),4.7(16),14.2,19.0,13.9,8.8,13.2,12,30/15.8(02),291,2020,,,
136,2020-4,79,4589X,18,13,3,0,0,0,3,0,21.0(14),80.8,23.0(23),6.8(01),13.9,19.0,15.0,11.0,13.4,13,18/18.3(16),283,2020,,,
152,2020-5,,4589X,6,6,2,0,0,13,1,0,12.4(13),46.6,34.4(23),10.4(14),17.2,27.3,21.1,14.8,18.4,13,20/15.3(31),319,2020,,,
144,2020-6,54,4589X,1,1,1,0,0,10,0,0,14.6(04),14.6,38.8(22),9.6(08),22.9,29.1,21.9,14.6,21.9,15,19/14.4(09),344,2020,,,
171,2020-7,45,4589X,1,1,0,0,0,30,1,0,1.4(21),1.4,40.0(06),12.8(03),29.3,36.2,27.8,19.3,24.1,14,16/15.8(21),318,2020,,,
152,2020-8,46,4589X,0,0,0,0,0,27,0,0,0.0(--),0.0,38.1(01),13.7(29),27.4,33.6,25.7,17.8,23.2,15,31/14.4(28),345,2020,,,
155,2020-9,55,4589X,2,2,1,0,0,14,2,0,22.2(18),24.0,36.9(07),11.3(26),21.6,30.2,23.6,17.0,21.0,13,21/17.5(18),304,2020,,,
125,2020-10,62,4589X,6,6,2,2,0,5,3,1,63.8(19),139.2,31.6(07),7.4(15),16.8,23.9,18.0,12.1,18.0,12,22/27.5(20),268,2020,,,
144,2020-11,81,4589X,14,11,6,3,0,0,1,0,82.8(04),232.8,25.6(19),7.5(28),10.5,19.4,15.7,11.9,15.6,9,21/17.2(06),207,2020,,,
114,2020-12,83,4589X,,,,,0,0,1,0,,,19.9(01),0.9(27),10.8,14.7,11.2,7.7,14.4,11,32/15.3(04),258,2020,,,
136,2020-13,,4589X,,,,,0,99,13,1,,,40.0(06/jul),0.9(27/dic),8.4,23.8,18.3,12.7,24.1,12,22/27.5(20/oct),279,2020,,,
100,2021-1,81,4589X,13,7,0,0,3,0,1,0,7.4(20),23.2,22.2(28),-0.4(14),7.6,13.4,9.4,5.3,12.5,10,20/15.8(20),241,2021,,,
122,2021-2,83,4589X,14,12,4,0,0,0,4,0,26.4(05),102.2,21.5(14),5.8(07),11.3,16.0,12.5,9.1,12.5,12,18/18.6(21),267,2021,,,
104,2021-3,63,4589X,5,3,1,1,0,0,0,0,42.0(04),52.2,26.9(31),5.2(09),12.7,19.5,14.3,9.0,15.3,11,21/13.3(29),248,2021,,,
135,2021-4,72,4589X,9,7,3,0,0,0,0,0,16.6(16),60.8,25.4(06),7.9(30),18.6,21.6,16.6,11.6,14.3,12,19/14.7(01),279,2021,,,
123,2021-5,54,4589X,2,2,1,0,0,8,1,0,10.8(09),12.2,32.7(29),5.7(01),18.2,26.4,19.0,11.6,16.1,15,19/16.1(08),324,2021,,,
144,2021-6,54,4589X,2,2,0,0,0,13,0,0,9.2(17),11.0,37.3(08),9.7(04),22.2,29.7,22.2,14.6,18.4,14,22/13.9(18),307,2021,,,
152,2021-7,46,4589X,0,0,0,0,0,25,0,0,0.0(--),0.0,40.6(10),13.1(13),27.4,33.9,25.4,16.8,24.0,16,31/14.2(12),367,2021,,,
166,2021-8,50,4589X,0,0,0,0,0,27,0,0,0.0(--),0.0,42.9(14),12.5(01),27.2,33.8,25.8,17.7,25.5,14,15/12.2(09),326,2021,,,
169,2021-9,63,4589X,4,4,3,1,0,9,3,0,66.0(14),110.0,34.5(05),10.4(29),22.2,28.7,22.7,16.5,21.8,12,20/16.7(14),288,2021,,,
150,2021-10,63,4589X,4,4,0,0,0,3,0,0,8.4(30),17.8,31.0(06),9.3(22),20.2,26.0,20.3,14.6,18.5,10,26/12.8(30),227,2021,4,12,15
100,2021-11,67,4589X,4,3,1,0,0,0,1,0,10.2(20),13.8,22.9(13),1.5(28),12.9,17.8,12.9,7.9,15.3,10,30/15.8(27),234,2021,2,15,13
119,2021-12,80,4589X,13,8,3,1,0,0,0,0,68.0(21),116.8,23.7(31),3.0(03),13.8,16.8,12.9,8.9,14.0,13,34/15.0(05),280,2021,7,11,12
132,2021-13,65,4589X,70,52,16,3,3,85,10,0,68.0(21/dic),520.0,42.9(14/ago),-0.4(14/ene),7.6,23.6,17.8,12.0,25.5,12,18/18.6(21/feb),282,2021,,,
92,2022-1,67,4589X,3,1,0,0,0,0,1,0,1.2(05),1.6,21.5(03),2.8(09),11.8,16.7,11.9,7.0,11.5,9,32/16.1(04),205,2022,3,18,10
99,2022-2,64,4589X,4,2,0,0,0,0,0,0,1.6(26),4.0,24.3(22),3.8(15),12.8,18.7,13.6,8.5,12.5,9,35/11.4(14),215,2022,8,9,11
109,2022-3,75,4589X,14,11,3,2,0,0,2,0,55.6(20),137.8,21.3(01),4.8(07),13.4,16.9,12.8,8.6,11.0,12,06/16.1(25),281,2022,17,1,13
113,2022-4,66,4589X,8,6,1,0,0,0,1,0,14.0(22),41.4,28.0(16),6.3(21),13.1,20.0,14.7,9.3,13.9,14,34/15.6(20),314,2022,7,5,15
136,2022-5,52,4589X,1,1,0,0,0,11,1,0,2.0(03),2.0,34.3(20),9.3(02),20.1,28.2,21.5,14.8,17.9,14,16/16.9(21),301,2022,3,8,20
145,2022-6,50,4589X,1,1,0,0,0,17,0,0,1.0(01),1.0,38.3(11),11.2(27),23.4,30.4,23.1,15.7,23.6,16,18/14.7(16),349,2022,4,12,14
152,2022-7,40,4589X,0,0,0,0,0,30,0,0,0.0(--),0.0,41.2(23),13.9(01),28.3,36.6,28.3,19.9,25.7,15,18/13.9(18),309,2022,1,24,6
174,2022-8,55,4589X,2,1,0,0,0,25,0,0,1.4(13),2.2,38.4(20),14.2(18),28.2,32.7,25.1,17.4,23.1,14,28/13.3(13),303,2022,1,20,10
165,2022-9,62,4589X,4,3,1,0,0,10,1,0,15.8(20),22.2,35.2(10),11.5(30),23.4,28.6,22.3,15.9,19.8,14,20/15.6(13),345,2022,3,11,16
,2022-10,,4589X,,,,,,,,,,,,,,,,,,,,,2022,10,7,14
137,2022-11,77,4589X,12,6,2,0,0,0,0,0,15.4(09),46.6,24.5(02),3.5(30),15.4,19.9,15.6,11.3,14.5,9,35/13.3(18),215,2022,6,6,18
139,2022-12,86,4589X,18,10,6,3,0,0,3,0,58.0(07),219.2,21.7(27),6.7(02),14.0,17.2,14.0,10.7,14.4,12,16/19.4(05),259,2022,11,3,17
,2022-13,,4589X,,,,,,,,,,,,,,,,,,,,,2022,74,124,164
99,2023-1,75,4589X,7,5,0,0,0,0,1,0,9.6(01),17.0,18.8(04),0.2(26),10.2,15.0,10.5,5.9,13.6,10,29/16.4(17),236,2023,4,14,13
88,2023-2,63,4589X,2,2,0,0,0,0,1,0,8.0(07),13.0,20.7(18),1.1(24),10.7,16.4,11.8,7.1,12.3,10,12/16.1(10),223,2023,8,12,8
111,2023-3,64,4589X,6,4,0,0,0,0,0,0,5.8(07),14.0,27.5(28),0.9(01),12.2,21.0,15.2,9.3,13.8,11,20/14.2(16),255,2023,8,6,17
100,2023-4,44,4589X,1,1,0,0,0,6,0,0,3.2(21),3.2,34.5(26),6.0(13),20.0,27.0,19.8,12.7,19.3,13,20/14.7(21),299,2023,3,20,7
127,2023-5,55,4589X,8,7,2,0,0,3,3,0,18.0(23),52.6,33.0(02),11.5(11),21.4,26.5,20.2,13.8,18.1,14,05/21.9(23),310,2023,6,9,16
164,2023-6,53,4589X,5,4,1,0,0,15,0,0,11.6(09),27.0,40.7(25),14.2(14),21.9,31.4,24.7,17.9,23.5,14,18/12.8(07),305,2023,4,11,15
145,2023-7,42,4589X,0,0,0,0,0,31,0,0,0.0(--),0.0,38.6(10),14.7(25),31.1,34.9,26.5,18.1,22.1,16,29/12.5(21),357,2023,1,25,5
145,2023-8,39,4589X,0,0,0,0,0,30,0,0,0.0(--),0.0,42.6(06),15.1(14),29.6,36.5,28.1,19.7,25.5,15,99/13.9(26),339,2023,2,20,9
168,2023-9,63,4589X,5,5,1,0,0,10,0,0,10.6(02),28.6,36.5(29),12.4(23),21.0,28.2,22.6,16.9,20.9,13,17/13.3(02),259,2023,4,6,20
163,2023-10,68,4589X,10,7,3,2,0,12,3,0,60.8(22),134.4,35.3(03),11.1(22),15.3,26.7,21.6,16.4,20.5,12,05/23.9(22),309,2023,11,8,12
136,2023-11,76,4589X,11,6,1,1,0,0,2,0,38.4(30),55.8,25.0(18),6.0(25),15.9,20.0,15.5,10.9,14.4,10,20/16.9(30),230,2023,2,13,15
112,2023-12,80,4589X,7,5,0,0,1,0,1,0,2.4(07),8.4,20.1(12),-0.1(27),10.6,15.9,11.8,7.7,12.7,7,22/18.3(01),167,2023,9,14,8
130,2023-13,60,4589X,62,46,8,3,1,107,11,0,60.8(22/oct),354.0,42.6(06/ago),-0.1(27/dic),10.2,25.0,19.0,13.0,25.5,12,05/23.9(22/oct),274,2023,62,158,145
124,2024-1,82,4589X,12,6,3,2,0,0,2,0,40.6(18),105.4,24.2(25),3.7(07),10.3,16.8,13.0,9.2,14.4,10,21/20.3(17),238,2024,10,8,13
122,2024-2,78,4589X,11,8,3,1,0,0,3,0,31.4(08),77.7,23.0(20),4.0(28),13.5,17.8,13.6,9.2,15.3,11,22/19.7(08),264,2024,9,8,12
121,2024-3,76,4589X,15,13,5,2,0,0,3,0,54.4(28),167.4,26.9(22),3.8(01),12.8,18.4,13.8,9.1,17.0,13,20/19.7(28),284,2024,10,2,19
127,2024-4,63,4589X,7,5,1,0,0,1,1,0,11.8(30),20.4,30.0(16),5.6(29),16.2,23.2,17.2,11.1,15.6,12,30/15.3(08),273,2024,4,8,16
121,2024-5,52,4589X,0,0,0,0,0,11,0,0,0.0(--),0.0,37.8(30),6.4(02),17.5,27.2,19.5,11.7,18.4,13,32/14.2(01),301,2024,4,15,12
152,2024-6,57,4589X,5,3,1,0,0,14,0,0,10.0(28),16.6,37.6(23),11.9(13),20.1,29.1,22.2,15.3,20.4,14,21/13.3(18),298,2024,6,12,12
158,2024-7,,4589X,,,,,,,,,,,,,,,,,,15,,,2024,0,26,5
180,2024-8,50,4589X,0,0,0,0,0,31,0,0,0.0(--),0.0,40.2(16),14.3(23),31.0,35.9,27.3,18.7,23.2,14,30/13.1(13),318,2024,1,24,5
157,2024-9,60,4589X,3,2,0,0,0,13,0,0,4.2(21),6.6,34.5(13),10.0(28),23.3,29.0,22.3,15.5,19.4,13,14/13.9(19),299,2024,2,12,16
170,2024-10,79,4589X,15,11,6,3,0,1,2,0,48.0(12),193.0,30.1(01),8.1(26),15.3,22.8,18.6,14.3,18.2,13,99/18.6(15),295,2024,9,3,19
147,2024-11,79,4589X,7,4,3,0,0,0,0,0,25.8(15),67.2,24.4(06),8.3(13),15.1,20.0,16.2,12.4,15.7,10,20/14.2(25),225,2024,5,6,19
100,2024-12,70,4589X,2,1,0,0,0,0,0,0,1.0(19),1.2,21.7(01),2.6(10),11.6,16.6,12.1,7.6,14.9,9,15/12.5(02),208,2024,5,17,9
140,2024-13,,4589X,,,,,,,,,,,,,,,,,,12,,,2024,65,141,157
